DROP DATABASE IF EXISTS lerbay_zoo_lab;

CREATE DATABASE  IF NOT EXISTS `lerbay_zoo_lab` /*!40100 DEFAULT CHARACTER SET utf8 */;
USE `lerbay_zoo_lab`;
-- notes about dump files and SQL syntax:
-- http://stackoverflow.com/questions/6265891/sql-syntax-what-is-this
-- MySQL dump 10.13  Distrib 5.6.24, for Win64 (x86_64)
--
-- Host: localhost    Database: zoo_lab
-- ------------------------------------------------------
-- Server version	5.6.27-log

/*!40101 SET @OLD_CHARACTER_SET_CLIENT=@@CHARACTER_SET_CLIENT */;
/*!40101 SET @OLD_CHARACTER_SET_RESULTS=@@CHARACTER_SET_RESULTS */;
/*!40101 SET @OLD_COLLATION_CONNECTION=@@COLLATION_CONNECTION */;
/*!40101 SET NAMES utf8 */;
/*!40103 SET @OLD_TIME_ZONE=@@TIME_ZONE */;
/*!40103 SET TIME_ZONE='+00:00' */;
/*!40014 SET @OLD_UNIQUE_CHECKS=@@UNIQUE_CHECKS, UNIQUE_CHECKS=0 */;
/*!40014 SET @OLD_FOREIGN_KEY_CHECKS=@@FOREIGN_KEY_CHECKS, FOREIGN_KEY_CHECKS=0 */;
/*!40101 SET @OLD_SQL_MODE=@@SQL_MODE, SQL_MODE=DEFAULT */;
/*!40111 SET @OLD_SQL_NOTES=@@SQL_NOTES, SQL_NOTES=0 */;

-- 
-- Table structure for table `animal_stats`
--


DROP TABLE IF EXISTS `animal_stats`;
/*!40101 SET @saved_cs_client     = @@character_set_client */;
/*!40101 SET character_set_client = utf8 */;
CREATE TABLE `animal_stats` (
    `cal_date` DATE DEFAULT NULL,
    `animal_id` INT(11) NOT NULL,
    `weight` INT(11) NOT NULL
)  ENGINE=INNODB DEFAULT CHARSET=UTF8;
/*!40101 SET character_set_client = @saved_cs_client */;

--
-- Dumping data for table `animal_stats`
--

LOCK TABLES `animal_stats` WRITE;
/*!40000 ALTER TABLE `animal_stats` DISABLE KEYS */;
INSERT INTO `animal_stats` VALUES ('2013-04-08',1,124),('2013-04-15',1,122),('2013-04-22',1,123),('2013-04-29',1,123),('2013-05-06',1,122),('2013-05-13',1,124),('2013-05-20',1,122),('2013-05-27',1,122),('2013-06-03',1,123),('2013-06-10',1,124),('2013-06-17',1,121),('2013-06-24',1,123),('2013-07-01',1,122),('2013-07-08',1,122),('2013-07-15',2,9692),('2013-07-15',1,122),('2013-07-22',2,9553),('2013-07-22',1,122),('2013-07-29',2,9804),('2013-07-29',1,122),('2013-08-05',2,9586),('2013-08-05',1,122),('2013-08-12',2,9925),('2013-08-12',1,121),('2013-08-19',2,9728),('2013-08-19',1,122),('2013-08-26',2,9810),('2013-08-26',1,121),('2013-09-02',2,9893),('2013-09-02',1,123),('2013-09-09',2,9988),('2013-09-09',3,9634),('2013-09-09',1,122),('2013-09-16',2,9702),('2013-09-16',3,9580),('2013-09-16',1,122),('2013-09-23',2,10031),('2013-09-23',3,9876),('2013-09-23',1,122),('2013-09-30',2,9762),('2013-09-30',3,9856),('2013-09-30',1,123),('2013-10-07',4,5244),('2013-10-07',2,9984),('2013-10-07',3,9853),('2013-10-07',1,122),('2013-10-14',4,5257),('2013-10-14',2,9997),('2013-10-14',3,9767),('2013-10-14',1,123),('2013-10-21',4,5079),('2013-10-21',2,9736),('2013-10-21',3,9898),('2013-10-21',1,123),('2013-10-28',4,5231),('2013-10-28',2,10010),('2013-10-28',3,10069),('2013-10-28',1,121),('2013-11-04',4,5294),('2013-11-04',2,9827),('2013-11-04',3,10202),('2013-11-04',1,123),('2013-11-11',4,5210),('2013-11-11',2,9843),('2013-11-11',3,10200),('2013-11-11',1,121),('2013-11-18',4,5211),('2013-11-18',2,9865),('2013-11-18',3,10303),('2013-11-18',5,94),('2013-11-18',1,122),('2013-11-25',4,5226),('2013-11-25',2,9859),('2013-11-25',3,10257),('2013-11-25',5,94),('2013-11-25',1,123),('2013-12-02',4,5201),('2013-12-02',2,10068),('2013-12-02',3,9992),('2013-12-02',5,94),('2013-12-02',1,121),('2013-12-09',6,5762),('2013-12-09',4,5295),('2013-12-09',2,10209),('2013-12-09',3,10187),('2013-12-09',5,95),('2013-12-09',1,123),('2013-12-16',6,5847),('2013-12-16',4,5305),('2013-12-16',7,8616),('2013-12-16',2,9914),('2013-12-16',3,10408),('2013-12-16',1,123),('2013-12-23',6,5811),('2013-12-23',4,5318),('2013-12-23',7,8973),('2013-12-23',2,10069),('2013-12-23',3,10416),('2013-12-23',1,123),('2013-12-30',6,5803),('2013-12-30',4,5322),('2013-12-30',7,8853),('2013-12-30',2,10279),('2013-12-30',3,10046),('2013-12-30',8,2114),('2013-12-30',1,122),('2014-01-06',6,5725),('2014-01-06',4,5301),('2014-01-06',7,8731),('2014-01-06',9,7611),('2014-01-06',2,10179),('2014-01-06',3,10193),('2014-01-06',10,3236),('2014-01-06',8,2101),('2014-01-06',1,123),('2014-01-13',6,5907),('2014-01-13',4,5190),('2014-01-13',7,8678),('2014-01-13',9,7468),('2014-01-13',2,10251),('2014-01-13',3,10384),('2014-01-13',10,3174),('2014-01-13',8,2123),('2014-01-13',1,121),('2014-01-20',6,5836),('2014-01-20',4,5246),('2014-01-20',7,8557),('2014-01-20',9,7577),('2014-01-20',2,10165),('2014-01-20',3,10214),('2014-01-20',10,3187),('2014-01-20',8,2147),('2014-01-20',1,121),('2014-01-27',6,5869),('2014-01-27',4,5202),('2014-01-27',7,8764),('2014-01-27',9,7362),('2014-01-27',2,10267),('2014-01-27',3,10091),('2014-01-27',10,3134),('2014-01-27',8,2125),('2014-01-27',1,122),('2014-02-03',6,5820),('2014-02-03',4,5196),('2014-02-03',7,8861),('2014-02-03',9,7508),('2014-02-03',2,9997),('2014-02-03',3,10093),('2014-02-03',10,3145),('2014-02-03',8,2137),('2014-02-03',1,122),('2014-02-10',6,5810),('2014-02-10',4,5098),('2014-02-10',7,8736),('2014-02-10',9,7460),('2014-02-10',2,9849),('2014-02-10',3,10148),('2014-02-10',10,3146),('2014-02-10',8,2146),('2014-02-10',1,121),('2014-02-17',6,5669),('2014-02-17',4,5129),('2014-02-17',7,8657),('2014-02-17',9,7282),('2014-02-17',2,10116),('2014-02-17',3,10129),('2014-02-17',10,3136),('2014-02-17',8,2126),('2014-02-17',1,120),('2014-02-24',6,5703),('2014-02-24',4,5115),('2014-02-24',7,8936),('2014-02-24',9,7438),('2014-02-24',2,9813),('2014-02-24',3,10348),('2014-02-24',10,3076),('2014-02-24',8,2136),('2014-02-24',1,121),('2014-03-03',6,5649),('2014-03-03',4,5087),('2014-03-03',7,8882),('2014-03-03',9,7383),('2014-03-03',2,10108),('2014-03-03',3,10141),('2014-03-03',10,3049),('2014-03-03',8,2157),('2014-03-03',1,122),('2014-03-10',6,5657),('2014-03-10',4,5189),('2014-03-10',7,9023),('2014-03-10',9,7489),('2014-03-10',2,10052),('2014-03-10',3,10127),('2014-03-10',10,3027),('2014-03-10',11,3982),('2014-03-10',8,2181),('2014-03-10',1,121),('2014-03-17',6,5761),('2014-03-17',4,5077),('2014-03-17',7,8747),('2014-03-17',9,7235),('2014-03-17',2,10007),('2014-03-17',3,10177),('2014-03-17',10,2971),('2014-03-17',11,3991),('2014-03-17',8,2141),('2014-03-17',12,121),('2014-03-17',1,122),('2014-03-24',6,5683),('2014-03-24',4,5102),('2014-03-24',7,8598),('2014-03-24',9,7262),('2014-03-24',2,9775),('2014-03-24',3,9945),('2014-03-24',10,3004),('2014-03-24',11,3966),('2014-03-24',14,1633),('2014-03-24',8,2136),('2014-03-24',15,3986),('2014-03-24',12,120),('2014-03-24',1,120),('2014-03-24',13,4695),('2014-03-31',6,5851),('2014-03-31',4,5165),('2014-03-31',18,4423),('2014-03-31',7,8592),('2014-03-31',9,7289),('2014-03-31',2,9686),('2014-03-31',3,10191),('2014-03-31',10,2903),('2014-03-31',11,3896),('2014-03-31',14,1641),('2014-03-31',8,2128),('2014-03-31',15,3969),('2014-03-31',17,101),('2014-03-31',12,122),('2014-03-31',1,121),('2014-03-31',16,6480),('2014-03-31',13,4684),('2014-04-07',6,5613),('2014-04-07',4,5159),('2014-04-07',18,4508),('2014-04-07',7,8671),('2014-04-07',9,7237),('2014-04-07',2,9723),('2014-04-07',3,10052),('2014-04-07',10,2913),('2014-04-07',11,3925),('2014-04-07',14,1617),('2014-04-07',8,2125),('2014-04-07',15,3840),('2014-04-07',17,103),('2014-04-07',12,121),('2014-04-07',1,122),('2014-04-07',16,6549),('2014-04-07',13,4623),('2014-04-14',6,5655),('2014-04-14',4,5071),('2014-04-14',18,4537),('2014-04-14',7,8716),('2014-04-14',9,7221),('2014-04-14',2,10064),('2014-04-14',3,10203),('2014-04-14',10,2930),('2014-04-14',11,3930),('2014-04-14',14,1642),('2014-04-14',8,2140),('2014-04-14',15,3972),('2014-04-14',17,103),('2014-04-14',12,120),('2014-04-14',1,120),('2014-04-14',16,6530),('2014-04-14',13,4641),('2014-04-21',6,5764),('2014-04-21',4,5034),('2014-04-21',18,4350),('2014-04-21',19,4268),('2014-04-21',7,8698),('2014-04-21',9,7387),('2014-04-21',2,9580),('2014-04-21',3,10148),('2014-04-21',10,2870),('2014-04-21',11,3825),('2014-04-21',14,1635),('2014-04-21',8,2124),('2014-04-21',15,3855),('2014-04-21',17,102),('2014-04-21',12,121),('2014-04-21',1,120),('2014-04-21',16,6583),('2014-04-21',13,4652),('2014-04-28',6,5582),('2014-04-28',4,5089),('2014-04-28',18,4316),('2014-04-28',19,4233),('2014-04-28',7,8751),('2014-04-28',9,7359),('2014-04-28',2,9581),('2014-04-28',3,10018),('2014-04-28',10,2845),('2014-04-28',11,3861),('2014-04-28',14,1592),('2014-04-28',8,2149),('2014-04-28',15,3953),('2014-04-28',17,103),('2014-04-28',12,121),('2014-04-28',1,120),('2014-04-28',16,6497),('2014-04-28',13,4729),('2014-05-05',6,5640),('2014-05-05',4,4928),('2014-05-05',18,4310),('2014-05-05',19,4153),('2014-05-05',7,8896),('2014-05-05',9,7342),('2014-05-05',2,9648),('2014-05-05',3,9803),('2014-05-05',10,2789),('2014-05-05',11,3792),('2014-05-05',14,1625),('2014-05-05',8,2169),('2014-05-05',15,3865),('2014-05-05',17,101),('2014-05-05',12,121),('2014-05-05',1,120),('2014-05-05',16,6604),('2014-05-05',13,4679),('2014-05-12',6,5592),('2014-05-12',4,4885),('2014-05-12',18,4289),('2014-05-12',19,4024),('2014-05-12',7,8797),('2014-05-12',9,7258),('2014-05-12',2,9594),('2014-05-12',3,9721),('2014-05-12',10,2799),('2014-05-12',11,3823),('2014-05-12',14,1614),('2014-05-12',8,2146),('2014-05-12',15,3793),('2014-05-12',17,103),('2014-05-12',12,121),('2014-05-12',1,122),('2014-05-12',16,6498),('2014-05-12',13,4679),('2014-05-19',6,5758),('2014-05-19',4,4870),('2014-05-19',18,4396),('2014-05-19',19,4015),('2014-05-19',7,8489),('2014-05-19',9,7269),('2014-05-19',2,9695),('2014-05-19',3,9664),('2014-05-19',10,2760),('2014-05-19',11,3755),('2014-05-19',14,1611),('2014-05-19',8,2121),('2014-05-19',15,3831),('2014-05-19',17,103),('2014-05-19',12,122),('2014-05-19',1,120),('2014-05-19',16,6557),('2014-05-19',13,4695),('2014-05-19',20,4232),('2014-05-26',6,5723),('2014-05-26',4,4943),('2014-05-26',18,4492),('2014-05-26',19,4080),('2014-05-26',7,8785),('2014-05-26',9,7199),('2014-05-26',2,9621),('2014-05-26',3,9848),('2014-05-26',10,2750),('2014-05-26',11,3694),('2014-05-26',14,1607),('2014-05-26',8,2136),('2014-05-26',15,3927),('2014-05-26',17,103),('2014-05-26',12,121),('2014-05-26',1,120),('2014-05-26',16,6584),('2014-05-26',13,4650),('2014-05-26',20,4241),('2014-06-02',6,5695),('2014-06-02',4,5024),('2014-06-02',18,4412),('2014-06-02',19,4195),('2014-06-02',7,8591),('2014-06-02',9,7227),('2014-06-02',2,9574),('2014-06-02',3,9749),('2014-06-02',10,2798),('2014-06-02',11,3754),('2014-06-02',14,1566),('2014-06-02',8,2133),('2014-06-02',15,3926),('2014-06-02',17,101),('2014-06-02',12,121),('2014-06-02',1,121),('2014-06-02',16,6566),('2014-06-02',13,4660),('2014-06-02',20,4232),('2014-06-09',6,5747),('2014-06-09',4,4941),('2014-06-09',18,4443),('2014-06-09',19,4033),('2014-06-09',7,8468),('2014-06-09',9,7044),('2014-06-09',2,9699),('2014-06-09',3,9967),('2014-06-09',10,2724),('2014-06-09',11,3730),('2014-06-09',14,1585),('2014-06-09',8,2152),('2014-06-09',15,3801),('2014-06-09',17,102),('2014-06-09',12,122),('2014-06-09',1,120),('2014-06-09',16,6558),('2014-06-09',13,4636),('2014-06-09',20,4328),('2014-06-16',6,5704),('2014-06-16',4,4893),('2014-06-16',18,4287),('2014-06-16',19,4193),('2014-06-16',7,8547),('2014-06-16',9,6975),('2014-06-16',2,9738),('2014-06-16',3,9639),('2014-06-16',10,2727),('2014-06-16',11,3705),('2014-06-16',14,1553),('2014-06-16',8,2134),('2014-06-16',15,3824),('2014-06-16',17,102),('2014-06-16',12,121),('2014-06-16',1,120),('2014-06-16',16,6552),('2014-06-16',13,4727),('2014-06-16',20,4299),('2014-06-23',6,5715),('2014-06-23',4,4963),('2014-06-23',18,4415),('2014-06-23',19,4067),('2014-06-23',7,8484),('2014-06-23',9,7363),('2014-06-23',2,9724),('2014-06-23',3,9899),('2014-06-23',10,2777),('2014-06-23',11,3726),('2014-06-23',14,1542),('2014-06-23',8,2098),('2014-06-23',15,3887),('2014-06-23',21,3972),('2014-06-23',17,102),('2014-06-23',12,121),('2014-06-23',1,122),('2014-06-23',16,6598),('2014-06-23',13,4708),('2014-06-23',20,4231),('2014-06-30',6,5743),('2014-06-30',4,4903),('2014-06-30',18,4325),('2014-06-30',19,4052),('2014-06-30',7,8833),('2014-06-30',9,7359),('2014-06-30',2,9655),('2014-06-30',3,9922),('2014-06-30',10,2795),('2014-06-30',11,3713),('2014-06-30',14,1541),('2014-06-30',8,2093),('2014-06-30',15,3861),('2014-06-30',21,4023),('2014-06-30',17,101),('2014-06-30',12,121),('2014-06-30',1,121),('2014-06-30',16,6532),('2014-06-30',13,4672),('2014-06-30',20,4326),('2014-07-07',6,5626),('2014-07-07',4,4955),('2014-07-07',18,4441),('2014-07-07',19,3977),('2014-07-07',7,8769),('2014-07-07',9,6961),('2014-07-07',2,9529),('2014-07-07',3,9589),('2014-07-07',10,2754),('2014-07-07',11,3717),('2014-07-07',14,1563),('2014-07-07',8,2091),('2014-07-07',15,3811),('2014-07-07',21,3995),('2014-07-07',17,101),('2014-07-07',12,122),('2014-07-07',1,120),('2014-07-07',16,6539),('2014-07-07',13,4654),('2014-07-07',20,4242),('2014-07-14',6,5617),('2014-07-14',4,4899),('2014-07-14',18,4330),('2014-07-14',19,4132),('2014-07-14',7,8892),('2014-07-14',9,7030),('2014-07-14',2,9612),('2014-07-14',3,9719),('2014-07-14',10,2807),('2014-07-14',11,3697),('2014-07-14',14,1546),('2014-07-14',8,2103),('2014-07-14',15,3770),('2014-07-14',21,4104),('2014-07-14',17,100),('2014-07-14',12,122),('2014-07-14',1,122),('2014-07-14',16,6620),('2014-07-14',13,4738),('2014-07-14',20,4251),('2014-07-21',6,5640),('2014-07-21',4,4919),('2014-07-21',18,4349),('2014-07-21',19,4111),('2014-07-21',7,8852),('2014-07-21',9,7332),('2014-07-21',2,9500),('2014-07-21',3,9691),('2014-07-21',10,2783),('2014-07-21',11,3758),('2014-07-21',14,1536),('2014-07-21',8,2089),('2014-07-21',15,3769),('2014-07-21',21,3994),('2014-07-21',17,101),('2014-07-21',12,123),('2014-07-21',1,122),('2014-07-21',16,6625),('2014-07-21',13,4682),('2014-07-21',20,4309),('2014-07-28',6,5654),('2014-07-28',4,4935),('2014-07-28',18,4258),('2014-07-28',19,4181),('2014-07-28',7,8608),('2014-07-28',9,7254),('2014-07-28',2,9606),('2014-07-28',3,10046),('2014-07-28',10,2781),('2014-07-28',11,3735),('2014-07-28',14,1532),('2014-07-28',8,2091),('2014-07-28',15,3904),('2014-07-28',21,4030),('2014-07-28',17,102),('2014-07-28',12,121),('2014-07-28',1,121),('2014-07-28',16,6554),('2014-07-28',13,4648),('2014-07-28',20,4313),('2014-08-04',6,5607),('2014-08-04',4,5015),('2014-08-04',18,4412),('2014-08-04',19,4175),('2014-08-04',7,8525),('2014-08-04',9,7289),('2014-08-04',2,9328),('2014-08-04',3,10064),('2014-08-04',10,2804),('2014-08-04',11,3758),('2014-08-04',14,1521),('2014-08-04',8,2126),('2014-08-04',15,3756),('2014-08-04',21,4067),('2014-08-04',17,102),('2014-08-04',12,121),('2014-08-04',1,121),('2014-08-04',16,6591),('2014-08-04',13,4704),('2014-08-04',20,4251),('2014-08-11',6,5646),('2014-08-11',4,4850),('2014-08-11',18,4461),('2014-08-11',19,4024),('2014-08-11',7,8508),('2014-08-11',9,7170),('2014-08-11',2,9523),('2014-08-11',3,9958),('2014-08-11',10,2867),('2014-08-11',11,3734),('2014-08-11',14,1545),('2014-08-11',8,2128),('2014-08-11',15,3747),('2014-08-11',21,4016),('2014-08-11',17,102),('2014-08-11',12,122),('2014-08-11',1,121),('2014-08-11',16,6630),('2014-08-11',13,4701),('2014-08-11',20,4266),('2014-08-18',6,5777),('2014-08-18',4,4953),('2014-08-18',18,4324),('2014-08-18',19,4110),('2014-08-18',7,8939),('2014-08-18',9,7160),('2014-08-18',2,9722),('2014-08-18',3,9879),('2014-08-18',10,2891),('2014-08-18',11,3785),('2014-08-18',14,1517),('2014-08-18',8,2084),('2014-08-18',15,3756),('2014-08-18',21,4063),('2014-08-18',17,102),('2014-08-18',12,122),('2014-08-18',1,120),('2014-08-18',16,6534),('2014-08-18',13,4776),('2014-08-18',20,4328),('2014-08-25',6,5807),('2014-08-25',4,4888),('2014-08-25',18,4309),('2014-08-25',19,4271),('2014-08-25',7,8714),('2014-08-25',9,7317),('2014-08-25',2,9777),('2014-08-25',3,9772),('2014-08-25',10,2914),('2014-08-25',11,3845),('2014-08-25',14,1532),('2014-08-25',8,2100),('2014-08-25',15,3882),('2014-08-25',21,4030),('2014-08-25',17,102),('2014-08-25',12,121),('2014-08-25',1,121),('2014-08-25',16,6609),('2014-08-25',13,4669),('2014-08-25',20,4290),('2014-09-01',6,5820),('2014-09-01',4,5017),('2014-09-01',18,4225),('2014-09-01',19,4049),('2014-09-01',7,8841),('2014-09-01',9,7017),('2014-09-01',2,9456),('2014-09-01',3,9885),('2014-09-01',10,2936),('2014-09-01',11,3838),('2014-09-01',14,1547),('2014-09-01',8,2121),('2014-09-01',15,3821),('2014-09-01',21,3877),('2014-09-01',17,100),('2014-09-01',12,122),('2014-09-01',1,119),('2014-09-01',16,6536),('2014-09-01',13,4678),('2014-09-01',20,4273),('2014-09-08',6,5684),('2014-09-08',4,4920),('2014-09-08',18,4292),('2014-09-08',19,4290),('2014-09-08',7,8697),('2014-09-08',9,7215),('2014-09-08',2,9515),('2014-09-08',3,10199),('2014-09-08',10,2919),('2014-09-08',11,3915),('2014-09-08',14,1519),('2014-09-08',8,2082),('2014-09-08',15,3815),('2014-09-08',21,3752),('2014-09-08',17,100),('2014-09-08',12,123),('2014-09-08',1,120),('2014-09-08',16,6635),('2014-09-08',13,4764),('2014-09-08',20,4211),('2014-09-15',6,5875),('2014-09-15',4,5039),('2014-09-15',18,4357),('2014-09-15',19,4099),('2014-09-15',7,8750),('2014-09-15',9,7407),('2014-09-15',2,9509),('2014-09-15',3,9924),('2014-09-15',10,2936),('2014-09-15',11,3881),('2014-09-15',14,1534),('2014-09-15',8,2129),('2014-09-15',15,3848),('2014-09-15',21,3664),('2014-09-15',17,101),('2014-09-15',12,122),('2014-09-15',1,120),('2014-09-15',16,6593),('2014-09-15',13,4737),('2014-09-15',20,4320),('2014-09-22',6,5864),('2014-09-22',4,5026),('2014-09-22',18,4268),('2014-09-22',19,4203),('2014-09-22',7,8915),('2014-09-22',9,7405),('2014-09-22',2,9523),('2014-09-22',3,9939),('2014-09-22',10,3015),('2014-09-22',11,3968),('2014-09-22',14,1530),('2014-09-22',8,2125),('2014-09-22',15,3870),('2014-09-22',17,101),('2014-09-22',12,122),('2014-09-22',1,120),('2014-09-22',16,6632),('2014-09-22',13,4726),('2014-09-22',20,4207),('2014-09-29',6,5717),('2014-09-29',4,4976),('2014-09-29',18,4344),('2014-09-29',19,4111),('2014-09-29',7,9054),('2014-09-29',9,7409),('2014-09-29',2,9532),('2014-09-29',3,9834),('2014-09-29',10,3011),('2014-09-29',11,3926),('2014-09-29',14,1532),('2014-09-29',8,2089),('2014-09-29',15,3927),('2014-09-29',17,99),('2014-09-29',12,122),('2014-09-29',1,121),('2014-09-29',16,6595),('2014-09-29',13,4710),('2014-09-29',20,4324),('2014-09-29',22,5179),('2014-10-06',6,5733),('2014-10-06',4,5075),('2014-10-06',18,4392),('2014-10-06',19,4181),('2014-10-06',7,8894),('2014-10-06',9,7456),('2014-10-06',2,9526),('2014-10-06',3,10240),('2014-10-06',10,3060),('2014-10-06',11,4037),('2014-10-06',14,1525),('2014-10-06',8,2103),('2014-10-06',15,3905),('2014-10-06',17,99),('2014-10-06',12,122),('2014-10-06',1,120),('2014-10-06',16,6615),('2014-10-06',13,4695),('2014-10-06',20,4274),('2014-10-06',22,5241),('2014-10-13',6,5845),('2014-10-13',4,5002),('2014-10-13',18,4260),('2014-10-13',19,4150),('2014-10-13',7,8848),('2014-10-13',9,7266),('2014-10-13',2,9776),('2014-10-13',3,10168),('2014-10-13',10,3024),('2014-10-13',11,4053),('2014-10-13',14,1552),('2014-10-13',8,2134),('2014-10-13',15,3818),('2014-10-13',17,100),('2014-10-13',12,122),('2014-10-13',1,119),('2014-10-13',16,6653),('2014-10-13',13,4679),('2014-10-13',20,4204),('2014-10-13',22,5167),('2014-10-20',6,5795),('2014-10-20',4,4937),('2014-10-20',18,4345),('2014-10-20',19,4290),('2014-10-20',7,9215),('2014-10-20',9,7468),('2014-10-20',2,9567),('2014-10-20',3,10359),('2014-10-20',10,3093),('2014-10-20',11,4049),('2014-10-20',14,1564),('2014-10-20',8,2099),('2014-10-20',15,3960),('2014-10-20',17,102),('2014-10-20',12,123),('2014-10-20',1,120),('2014-10-20',16,6580),('2014-10-20',13,4660),('2014-10-20',20,4234),('2014-10-20',22,5221),('2014-10-27',6,5851),('2014-10-27',4,5018),('2014-10-27',18,4352),('2014-10-27',19,4361),('2014-10-27',7,8978),('2014-10-27',9,7546),('2014-10-27',2,9550),('2014-10-27',3,10273),('2014-10-27',10,3139),('2014-10-27',11,4090),('2014-10-27',14,1538),('2014-10-27',8,2119),('2014-10-27',15,3887),('2014-10-27',17,99),('2014-10-27',12,123),('2014-10-27',1,119),('2014-10-27',16,6568),('2014-10-27',13,4708),('2014-10-27',20,4316),('2014-10-27',22,5227),('2014-11-03',6,5880),('2014-11-03',4,5122),('2014-11-03',18,4288),('2014-11-03',19,4206),('2014-11-03',7,8912),('2014-11-03',9,7384),('2014-11-03',2,9730),('2014-11-03',3,10218),('2014-11-03',10,3144),('2014-11-03',11,4137),('2014-11-03',23,1794),('2014-11-03',14,1581),('2014-11-03',8,2128),('2014-11-03',15,3903),('2014-11-03',17,101),('2014-11-03',12,122),('2014-11-03',1,120),('2014-11-03',16,6659),('2014-11-03',13,4713),('2014-11-03',20,4309),('2014-11-03',22,5193),('2014-11-10',6,5966),('2014-11-10',4,4995),('2014-11-10',18,4510),('2014-11-10',19,4323),('2014-11-10',7,9213),('2014-11-10',9,7578),('2014-11-10',2,9946),('2014-11-10',3,10273),('2014-11-10',10,3171),('2014-11-10',24,3598),('2014-11-10',11,4104),('2014-11-10',23,1828),('2014-11-10',14,1558),('2014-11-10',8,2131),('2014-11-10',15,3872),('2014-11-10',17,102),('2014-11-10',12,123),('2014-11-10',1,121),('2014-11-10',16,6666),('2014-11-10',13,4675),('2014-11-10',20,4269),('2014-11-10',22,5205),('2014-11-17',6,5827),('2014-11-17',4,5135),('2014-11-17',18,4504),('2014-11-17',19,4386),('2014-11-17',7,9028),('2014-11-17',9,7582),('2014-11-17',2,9756),('2014-11-17',3,10354),('2014-11-17',10,3133),('2014-11-17',24,3680),('2014-11-17',11,4178),('2014-11-17',23,1810),('2014-11-17',14,1582),('2014-11-17',8,2132),('2014-11-17',15,3980),('2014-11-17',17,101),('2014-11-17',12,123),('2014-11-17',1,121),('2014-11-17',16,6655),('2014-11-17',13,4763),('2014-11-17',20,4299),('2014-11-17',22,5272),('2014-11-24',6,5979),('2014-11-24',4,4998),('2014-11-24',18,4450),('2014-11-24',19,4290),('2014-11-24',7,8899),('2014-11-24',25,4514),('2014-11-24',9,7544),('2014-11-24',2,9775),('2014-11-24',3,10311),('2014-11-24',10,3195),('2014-11-24',24,3682),('2014-11-24',11,4158),('2014-11-24',23,1854),('2014-11-24',14,1602),('2014-11-24',8,2148),('2014-11-24',15,4015),('2014-11-24',17,98),('2014-11-24',12,123),('2014-11-24',1,119),('2014-11-24',16,6649),('2014-11-24',13,4805),('2014-11-24',20,4237),('2014-11-24',22,5194),('2014-12-01',6,5858),('2014-12-01',4,5188),('2014-12-01',18,4447),('2014-12-01',19,4496),('2014-12-01',7,8977),('2014-12-01',25,4538),('2014-12-01',9,7437),('2014-12-01',2,9935),('2014-12-01',3,10628),('2014-12-01',10,3181),('2014-12-01',24,3636),('2014-12-01',11,4225),('2014-12-01',23,1822),('2014-12-01',14,1597),('2014-12-01',8,2154),('2014-12-01',15,4050),('2014-12-01',17,101),('2014-12-01',12,124),('2014-12-01',1,120),('2014-12-01',26,136),('2014-12-01',16,6553),('2014-12-01',13,4752),('2014-12-01',20,4285),('2014-12-01',22,5225),('2014-12-08',6,5975),('2014-12-08',4,5037),('2014-12-08',18,4573),('2014-12-08',19,4372),('2014-12-08',7,9299),('2014-12-08',25,4517),('2014-12-08',9,7644),('2014-12-08',2,9615),('2014-12-08',3,10285),('2014-12-08',10,3190),('2014-12-08',24,3673),('2014-12-08',11,4187),('2014-12-08',23,1841),('2014-12-08',14,1622),('2014-12-08',8,2188),('2014-12-08',15,3985),('2014-12-08',17,99),('2014-12-08',12,122),('2014-12-08',1,120),('2014-12-08',26,138),('2014-12-08',16,6669),('2014-12-08',13,4681),('2014-12-08',20,4297),('2014-12-08',22,5256),('2014-12-15',6,5932),('2014-12-15',4,5169),('2014-12-15',18,4522),('2014-12-15',19,4420),('2014-12-15',7,9213),('2014-12-15',25,4528),('2014-12-15',9,7451),('2014-12-15',2,9980),('2014-12-15',3,10284),('2014-12-15',10,3205),('2014-12-15',24,3662),('2014-12-15',11,4203),('2014-12-15',23,1848),('2014-12-15',14,1618),('2014-12-15',8,2156),('2014-12-15',15,4079),('2014-12-15',17,99),('2014-12-15',12,123),('2014-12-15',1,120),('2014-12-15',26,138),('2014-12-15',16,6568),('2014-12-15',13,4792),('2014-12-15',20,4206),('2014-12-15',22,5197),('2014-12-22',6,5998),('2014-12-22',4,5032),('2014-12-22',18,4594),('2014-12-22',19,4322),('2014-12-22',7,9326),('2014-12-22',25,4473),('2014-12-22',9,7662),('2014-12-22',2,9679),('2014-12-22',3,10674),('2014-12-22',10,3166),('2014-12-22',24,3695),('2014-12-22',11,4199),('2014-12-22',23,1841),('2014-12-22',14,1613),('2014-12-22',8,2150),('2014-12-22',15,4093),('2014-12-22',17,99),('2014-12-22',12,124),('2014-12-22',1,119),('2014-12-22',26,138),('2014-12-22',16,6578),('2014-12-22',13,4746),('2014-12-22',20,4287),('2014-12-22',22,5211),('2014-12-29',6,5892),('2014-12-29',4,5056),('2014-12-29',18,4535),('2014-12-29',19,4479),('2014-12-29',7,9170),('2014-12-29',25,4606),('2014-12-29',9,7719),('2014-12-29',2,9635),('2014-12-29',3,10570),('2014-12-29',10,3179),('2014-12-29',24,3694),('2014-12-29',11,4214),('2014-12-29',23,1861),('2014-12-29',14,1621),('2014-12-29',8,2191),('2014-12-29',15,4010),('2014-12-29',17,100),('2014-12-29',12,124),('2014-12-29',1,121),('2014-12-29',26,138),('2014-12-29',16,6678),('2014-12-29',13,4699),('2014-12-29',20,4312),('2014-12-29',22,5240),('2015-01-05',6,6025),('2015-01-05',4,5010),('2015-01-05',18,4613),('2015-01-05',19,4450),('2015-01-05',7,9299),('2015-01-05',25,4600),('2015-01-05',9,7553),('2015-01-05',2,9958),('2015-01-05',3,10583),('2015-01-05',10,3137),('2015-01-05',24,3662),('2015-01-05',11,4221),('2015-01-05',23,1862),('2015-01-05',14,1629),('2015-01-05',8,2188),('2015-01-05',15,4108),('2015-01-05',17,100),('2015-01-05',12,124),('2015-01-05',1,119),('2015-01-05',26,137),('2015-01-05',16,6646),('2015-01-05',13,4732),('2015-01-05',20,4210),('2015-01-05',22,5235),('2015-01-12',6,5913),('2015-01-12',4,5020),('2015-01-12',18,4545),('2015-01-12',19,4376),('2015-01-12',7,9045),('2015-01-12',25,4507),('2015-01-12',9,7477),('2015-01-12',2,9891),('2015-01-12',3,10414),('2015-01-12',10,3150),('2015-01-12',24,3680),('2015-01-12',11,4211),('2015-01-12',23,1890),('2015-01-12',14,1616),('2015-01-12',8,2184),('2015-01-12',15,4066),('2015-01-12',17,101),('2015-01-12',12,123),('2015-01-12',1,120),('2015-01-12',26,137),('2015-01-12',16,6654),('2015-01-12',13,4726),('2015-01-12',20,4287),('2015-01-12',22,5291),('2015-01-19',6,6067),('2015-01-19',4,5078),('2015-01-19',18,4587),('2015-01-19',19,4487),('2015-01-19',7,9441),('2015-01-19',25,4483),('2015-01-19',9,7683),('2015-01-19',2,9989),('2015-01-19',3,10497),('2015-01-19',10,3126),('2015-01-19',24,3685),('2015-01-19',11,4243),('2015-01-19',23,1901),('2015-01-19',14,1641),('2015-01-19',8,2180),('2015-01-19',15,4124),('2015-01-19',17,99),('2015-01-19',12,123),('2015-01-19',1,119),('2015-01-19',26,139),('2015-01-19',16,6625),('2015-01-19',13,4735),('2015-01-19',20,4300),('2015-01-19',22,5232),('2015-01-26',6,6090),('2015-01-26',4,4987),('2015-01-26',18,4325),('2015-01-26',19,4348),('2015-01-26',7,9279),('2015-01-26',25,4481),('2015-01-26',9,7384),('2015-01-26',2,9754),('2015-01-26',3,10645),('2015-01-26',10,3093),('2015-01-26',24,3670),('2015-01-26',11,4177),('2015-01-26',23,1875),('2015-01-26',14,1643),('2015-01-26',8,2186),('2015-01-26',15,4087),('2015-01-26',17,99),('2015-01-26',12,123),('2015-01-26',1,120),('2015-01-26',26,138),('2015-01-26',16,6636),('2015-01-26',13,4713),('2015-01-26',20,4305),('2015-01-26',22,5250),('2015-02-02',6,5948),('2015-02-02',4,4999),('2015-02-02',18,4388),('2015-02-02',19,4466),('2015-02-02',7,9219),('2015-02-02',25,4458),('2015-02-02',9,7461),('2015-02-02',2,9741),('2015-02-02',3,10285),('2015-02-02',10,3122),('2015-02-02',24,3636),('2015-02-02',11,4210),('2015-02-02',23,1875),('2015-02-02',14,1638),('2015-02-02',8,2209),('2015-02-02',15,3984),('2015-02-02',17,100),('2015-02-02',12,124),('2015-02-02',1,121),('2015-02-02',26,140),('2015-02-02',16,6577),('2015-02-02',13,4793),('2015-02-02',20,4214),('2015-02-02',22,5232),('2015-02-09',6,6029),('2015-02-09',4,5157),('2015-02-09',18,4319),('2015-02-09',19,4308),('2015-02-09',7,9405),('2015-02-09',25,4575),('2015-02-09',9,7400),('2015-02-09',2,9752),('2015-02-09',3,10434),('2015-02-09',27,4043),('2015-02-09',10,3087),('2015-02-09',24,3608),('2015-02-09',11,4164),('2015-02-09',23,1874),('2015-02-09',14,1653),('2015-02-09',8,2196),('2015-02-09',15,4128),('2015-02-09',17,100),('2015-02-09',12,123),('2015-02-09',1,119),('2015-02-09',26,138),('2015-02-09',16,6648),('2015-02-09',13,4763),('2015-02-09',20,4307),('2015-02-09',22,5317),('2015-02-16',6,5876),('2015-02-16',4,5094),('2015-02-16',18,4524),('2015-02-16',19,4341),('2015-02-16',7,9038),('2015-02-16',25,4451),('2015-02-16',9,7669),('2015-02-16',2,10033),('2015-02-16',3,10676),('2015-02-16',27,4089),('2015-02-16',10,3039),('2015-02-16',24,3531),('2015-02-16',11,4096),('2015-02-16',23,1896),('2015-02-16',14,1662),('2015-02-16',8,2197),('2015-02-16',15,3989),('2015-02-16',17,100),('2015-02-16',12,124),('2015-02-16',1,118),('2015-02-16',26,138),('2015-02-16',16,6588),('2015-02-16',13,4815),('2015-02-16',20,4225),('2015-02-16',22,5251),('2015-02-23',6,6087),('2015-02-23',4,5115),('2015-02-23',18,4409),('2015-02-23',19,4278),('2015-02-23',7,9102),('2015-02-23',25,4525),('2015-02-23',9,7700),('2015-02-23',2,9848),('2015-02-23',3,10576),('2015-02-23',27,4003),('2015-02-23',10,3052),('2015-02-23',24,3578),('2015-02-23',11,4083),('2015-02-23',23,1921),('2015-02-23',14,1665),('2015-02-23',8,2198),('2015-02-23',15,4096),('2015-02-23',17,99),('2015-02-23',12,124),('2015-02-23',1,119),('2015-02-23',26,139),('2015-02-23',16,6628),('2015-02-23',13,4732),('2015-02-23',20,4196),('2015-02-23',22,5219),('2015-03-02',6,5925),('2015-03-02',4,5022),('2015-03-02',18,4299),('2015-03-02',19,4480),('2015-03-02',7,9171),('2015-03-02',25,4462),('2015-03-02',9,7341),('2015-03-02',2,9931),('2015-03-02',3,10367),('2015-03-02',27,3980),('2015-03-02',10,2977),('2015-03-02',24,3491),('2015-03-02',11,4123),('2015-03-02',23,1895),('2015-03-02',14,1676),('2015-03-02',8,2219),('2015-03-02',15,3977),('2015-03-02',17,97),('2015-03-02',12,123),('2015-03-02',1,119),('2015-03-02',26,140),('2015-03-02',16,6620),('2015-03-02',13,4733),('2015-03-02',20,4249),('2015-03-02',22,5210),('2015-03-09',6,5912),('2015-03-09',4,5023),('2015-03-09',18,4433),('2015-03-09',19,4305),('2015-03-09',7,9357),('2015-03-09',25,4456),('2015-03-09',9,7682),('2015-03-09',2,9962),('2015-03-09',3,10299),('2015-03-09',27,3996),('2015-03-09',10,2989),('2015-03-09',24,3505),('2015-03-09',11,4022),('2015-03-09',23,1869),('2015-03-09',14,1657),('2015-03-09',8,2230),('2015-03-09',15,3947),('2015-03-09',17,99),('2015-03-09',12,124),('2015-03-09',1,119),('2015-03-09',26,140),('2015-03-09',16,6578),('2015-03-09',13,4738),('2015-03-09',20,4239),('2015-03-09',22,5338),('2015-03-16',6,5855),('2015-03-16',4,4900),('2015-03-16',18,4496),('2015-03-16',19,4353),('2015-03-16',7,9464),('2015-03-16',25,4370),('2015-03-16',9,7601),('2015-03-16',2,9864),('2015-03-16',3,10494),('2015-03-16',27,3997),('2015-03-16',10,2940),('2015-03-16',24,3470),('2015-03-16',11,4000),('2015-03-16',23,1869),('2015-03-16',14,1666),('2015-03-16',8,2206),('2015-03-16',15,4033),('2015-03-16',17,99),('2015-03-16',12,124),('2015-03-16',1,120),('2015-03-16',26,139),('2015-03-16',16,6600),('2015-03-16',13,4747),('2015-03-16',20,4259),('2015-03-16',22,5256),('2015-03-23',6,5913),('2015-03-23',4,5032),('2015-03-23',18,4403),('2015-03-23',19,4246),('2015-03-23',7,9439),('2015-03-23',25,4464),('2015-03-23',9,7469),('2015-03-23',2,9510),('2015-03-23',3,10165),('2015-03-23',27,3976),('2015-03-23',10,2910),('2015-03-23',24,3438),('2015-03-23',11,4006),('2015-03-23',23,1910),('2015-03-23',14,1638),('2015-03-23',8,2220),('2015-03-23',15,4063),('2015-03-23',17,97),('2015-03-23',12,124),('2015-03-23',1,118),('2015-03-23',26,140),('2015-03-23',16,6610),('2015-03-23',13,4749),('2015-03-23',20,4278),('2015-03-23',22,5281),('2015-03-30',6,6030),('2015-03-30',4,4881),('2015-03-30',18,4268),('2015-03-30',19,4440),('2015-03-30',7,9071),('2015-03-30',25,4369),('2015-03-30',9,7298),('2015-03-30',2,9499),('2015-03-30',3,10515),('2015-03-30',27,3936),('2015-03-30',10,2900),('2015-03-30',24,3401),('2015-03-30',11,3953),('2015-03-30',23,1893),('2015-03-30',14,1665),('2015-03-30',8,2195),('2015-03-30',15,4096),('2015-03-30',28,131),('2015-03-30',17,98),('2015-03-30',12,124),('2015-03-30',1,119),('2015-03-30',26,140),('2015-03-30',16,6688),('2015-03-30',13,4785),('2015-03-30',20,4303),('2015-03-30',22,5321),('2015-04-06',6,5980),('2015-04-06',4,4849),('2015-04-06',18,4372),('2015-04-06',19,4245),('2015-04-06',7,9100),('2015-04-06',25,4387),('2015-04-06',9,7564),('2015-04-06',2,9758),('2015-04-06',3,10272),('2015-04-06',27,3833),('2015-04-06',10,2839),('2015-04-06',24,3349),('2015-04-06',11,3954),('2015-04-06',23,1902),('2015-04-06',14,1633),('2015-04-06',8,2234),('2015-04-06',15,4038),('2015-04-06',28,130),('2015-04-06',17,99),('2015-04-06',12,123),('2015-04-06',1,120),('2015-04-06',26,141),('2015-04-06',16,6651),('2015-04-06',13,4823),('2015-04-06',20,4278),('2015-04-06',22,5312),('2015-04-13',6,6006),('2015-04-13',4,4882),('2015-04-13',18,4360),('2015-04-13',19,4316),('2015-04-13',7,9265),('2015-04-13',25,4314),('2015-04-13',9,7535),('2015-04-13',2,9437),('2015-04-13',3,10449),('2015-04-13',27,3885),('2015-04-13',10,2874),('2015-04-13',24,3317),('2015-04-13',11,3944),('2015-04-13',23,1876),('2015-04-13',14,1644),('2015-04-13',8,2241),('2015-04-13',15,4063),('2015-04-13',29,5443),('2015-04-13',28,130),('2015-04-13',17,98),('2015-04-13',12,124),('2015-04-13',1,119),('2015-04-13',26,141),('2015-04-13',16,6690),('2015-04-13',13,4751),('2015-04-13',20,4202),('2015-04-13',22,5236),('2015-04-20',6,6015),('2015-04-20',4,4983),('2015-04-20',18,4186),('2015-04-20',19,4377),('2015-04-20',7,9057),('2015-04-20',25,4400),('2015-04-20',9,7343),('2015-04-20',2,9496),('2015-04-20',3,10316),('2015-04-20',27,3801),('2015-04-20',10,2823),('2015-04-20',24,3331),('2015-04-20',11,3877),('2015-04-20',23,1859),('2015-04-20',14,1625),('2015-04-20',8,2213),('2015-04-20',15,4058),('2015-04-20',29,5447),('2015-04-20',28,130),('2015-04-20',17,96),('2015-04-20',12,124),('2015-04-20',1,119),('2015-04-20',26,141),('2015-04-20',16,6592),('2015-04-20',13,4823),('2015-04-20',20,4265),('2015-04-20',22,5357),('2015-04-27',6,5793),('2015-04-27',4,4833),('2015-04-27',18,4106),('2015-04-27',19,4281),('2015-04-27',7,8970),('2015-04-27',25,4290),('2015-04-27',9,7423),('2015-04-27',2,9472),('2015-04-27',3,10141),('2015-04-27',27,3802),('2015-04-27',10,2802),('2015-04-27',24,3325),('2015-04-27',11,3810),('2015-04-27',23,1879),('2015-04-27',14,1628),('2015-04-27',8,2212),('2015-04-27',15,3914),('2015-04-27',29,5442),('2015-04-27',28,130),('2015-04-27',17,96),('2015-04-27',12,124),('2015-04-27',1,120),('2015-04-27',26,141),('2015-04-27',16,6684),('2015-04-27',13,4764),('2015-04-27',20,4261),('2015-04-27',22,5345),('2015-05-04',6,5900),('2015-05-04',4,4944),('2015-05-04',18,4237),('2015-05-04',19,4356),('2015-05-04',7,8937),('2015-05-04',25,4326),('2015-05-04',9,7588),('2015-05-04',2,9531),('2015-05-04',3,10327),('2015-05-04',27,3796),('2015-05-04',10,2764),('2015-05-04',24,3247),('2015-05-04',11,3778),('2015-05-04',23,1845),('2015-05-04',14,1643),('2015-05-04',8,2238),('2015-05-04',15,3918),('2015-05-04',29,5497),('2015-05-04',28,132),('2015-05-04',17,96),('2015-05-04',12,124),('2015-05-04',1,120),('2015-05-04',26,140),('2015-05-04',16,6614),('2015-05-04',13,4834),('2015-05-04',20,4280),('2015-05-04',22,5356),('2015-05-11',6,5890),('2015-05-11',4,4815),('2015-05-11',18,4306),('2015-05-11',19,4358),('2015-05-11',7,8990),('2015-05-11',25,4373),('2015-05-11',9,7487),('2015-05-11',2,9592),('2015-05-11',3,10146),('2015-05-11',27,3703),('2015-05-11',10,2715),('2015-05-11',24,3233),('2015-05-11',11,3783),('2015-05-11',23,1864),('2015-05-11',14,1626),('2015-05-11',8,2208),('2015-05-11',15,4028),('2015-05-11',29,5449),('2015-05-11',28,130),('2015-05-11',17,96),('2015-05-11',12,124),('2015-05-11',1,120),('2015-05-11',26,141),('2015-05-11',16,6596),('2015-05-11',13,4827),('2015-05-11',20,4177),('2015-05-11',22,5340),('2015-05-18',6,5843),('2015-05-18',4,4779),('2015-05-18',18,4348),('2015-05-18',19,4302),('2015-05-18',7,9310),('2015-05-18',25,4351),('2015-05-18',9,7352),('2015-05-18',2,9693),('2015-05-18',3,10099),('2015-05-18',27,3725),('2015-05-18',10,2704),('2015-05-18',24,3244),('2015-05-18',11,3732),('2015-05-18',23,1852),('2015-05-18',14,1598),('2015-05-18',8,2194),('2015-05-18',15,3882),('2015-05-18',29,5432),('2015-05-18',28,131),('2015-05-18',17,96),('2015-05-18',12,124),('2015-05-18',1,120),('2015-05-18',26,141),('2015-05-18',16,6718),('2015-05-18',13,4762),('2015-05-18',20,4189),('2015-05-18',22,5270),('2015-05-25',6,5745),('2015-05-25',4,4816),('2015-05-25',18,4073),('2015-05-25',19,4304),('2015-05-25',7,8986),('2015-05-25',25,4308),('2015-05-25',9,7236),('2015-05-25',2,9264),('2015-05-25',3,10114),('2015-05-25',27,3707),('2015-05-25',10,2698),('2015-05-25',11,3752),('2015-05-25',23,1840),('2015-05-25',14,1613),('2015-05-25',8,2200),('2015-05-25',15,4011),('2015-05-25',29,5496),('2015-05-25',28,130),('2015-05-25',17,97),('2015-05-25',12,125),('2015-05-25',1,120),('2015-05-25',26,142),('2015-05-25',16,6635),('2015-05-25',13,4849),('2015-05-25',20,4255),('2015-05-25',22,5267),('2015-06-01',6,5748),('2015-06-01',4,4892),('2015-06-01',18,4219),('2015-06-01',19,4162),('2015-06-01',7,9034),('2015-06-01',25,4252),('2015-06-01',9,7163),('2015-06-01',2,9426),('2015-06-01',3,10333),('2015-06-01',27,3673),('2015-06-01',10,2744),('2015-06-01',11,3763),('2015-06-01',23,1817),('2015-06-01',14,1583),('2015-06-01',8,2197),('2015-06-01',15,4012),('2015-06-01',29,5434),('2015-06-01',28,130),('2015-06-01',17,97),('2015-06-01',31,81),('2015-06-01',12,125),('2015-06-01',1,118),('2015-06-01',26,140),('2015-06-01',16,6695),('2015-06-01',13,4822),('2015-06-01',20,4267),('2015-06-01',22,5313),('2015-06-08',6,5964),('2015-06-08',32,5002),('2015-06-08',4,4735),('2015-06-08',18,4216),('2015-06-08',19,4321),('2015-06-08',7,9046),('2015-06-08',25,4332),('2015-06-08',9,7500),('2015-06-08',2,9442),('2015-06-08',3,10114),('2015-06-08',27,3743),('2015-06-08',10,2673),('2015-06-08',11,3740),('2015-06-08',23,1831),('2015-06-08',14,1589),('2015-06-08',8,2208),('2015-06-08',15,3935),('2015-06-08',29,5455),('2015-06-08',28,132),('2015-06-08',17,99),('2015-06-08',31,82),('2015-06-08',12,125),('2015-06-08',1,119),('2015-06-08',26,141),('2015-06-08',16,6725),('2015-06-08',13,4797),('2015-06-08',20,4207),('2015-06-08',22,5293),('2015-06-15',6,5925),('2015-06-15',32,5047),('2015-06-15',4,4739),('2015-06-15',18,4145),('2015-06-15',19,4147),('2015-06-15',7,8927),('2015-06-15',25,4177),('2015-06-15',9,7502),('2015-06-15',2,9393),('2015-06-15',3,9869),('2015-06-15',27,3637),('2015-06-15',10,2674),('2015-06-15',11,3762),('2015-06-15',23,1842),('2015-06-15',14,1597),('2015-06-15',8,2192),('2015-06-15',15,3987),('2015-06-15',29,5379),('2015-06-15',28,131),('2015-06-15',17,97),('2015-06-15',31,82),('2015-06-15',12,124),('2015-06-15',1,118),('2015-06-15',26,142),('2015-06-15',16,6616),('2015-06-15',13,4778),('2015-06-15',20,4262),('2015-06-15',22,5310),('2015-06-22',6,5878),('2015-06-22',32,4897),('2015-06-22',4,4747),('2015-06-22',18,4061),('2015-06-22',19,4216),('2015-06-22',7,9030),('2015-06-22',25,4203),('2015-06-22',9,7326),('2015-06-22',2,9407),('2015-06-22',3,10219),('2015-06-22',27,3748),('2015-06-22',10,2666),('2015-06-22',11,3767),('2015-06-22',23,1805),('2015-06-22',14,1573),('2015-06-22',8,2210),('2015-06-22',15,3880),('2015-06-22',29,5358),('2015-06-22',28,132),('2015-06-22',17,96),('2015-06-22',31,80),('2015-06-22',12,124),('2015-06-22',1,117),('2015-06-22',26,141),('2015-06-22',16,6707),('2015-06-22',13,4730),('2015-06-22',20,4191),('2015-06-22',22,5370),('2015-06-29',6,5899),('2015-06-29',32,4906),('2015-06-29',4,4767),('2015-06-29',18,4063),('2015-06-29',19,4140),('2015-06-29',7,9017),('2015-06-29',25,4172),('2015-06-29',9,7123),('2015-06-29',2,9506),('2015-06-29',3,10157),('2015-06-29',27,3652),('2015-06-29',10,2683),('2015-06-29',30,2442),('2015-06-29',11,3703),('2015-06-29',23,1787),('2015-06-29',14,1552),('2015-06-29',8,2167),('2015-06-29',15,3916),('2015-06-29',29,5422),('2015-06-29',28,131),('2015-06-29',17,96),('2015-06-29',31,82),('2015-06-29',12,124),('2015-06-29',1,118),('2015-06-29',26,142),('2015-06-29',16,6609),('2015-06-29',13,4813),('2015-06-29',20,4243),('2015-06-29',22,5378),('2015-07-06',6,5913),('2015-07-06',32,4994),('2015-07-06',4,4700),('2015-07-06',18,4045),('2015-07-06',19,4231),('2015-07-06',7,9115),('2015-07-06',25,4290),('2015-07-06',9,7124),('2015-07-06',2,9323),('2015-07-06',3,9941),('2015-07-06',27,3641),('2015-07-06',10,2669),('2015-07-06',30,2371),('2015-07-06',11,3723),('2015-07-06',23,1786),('2015-07-06',14,1551),('2015-07-06',8,2161),('2015-07-06',15,3907),('2015-07-06',29,5424),('2015-07-06',33,3110),('2015-07-06',28,131),('2015-07-06',17,97),('2015-07-06',31,81),('2015-07-06',12,125),('2015-07-06',1,119),('2015-07-06',26,142),('2015-07-06',16,6623),('2015-07-06',13,4854),('2015-07-06',20,4174),('2015-07-06',22,5397),('2015-07-13',6,5811),('2015-07-13',32,4960),('2015-07-13',4,4699),('2015-07-13',18,4187),('2015-07-13',19,4223),('2015-07-13',7,8921),('2015-07-13',25,4252),('2015-07-13',9,7361),('2015-07-13',2,9558),('2015-07-13',3,9887),('2015-07-13',27,3709),('2015-07-13',10,2677),('2015-07-13',30,2443),('2015-07-13',11,3710),('2015-07-13',23,1778),('2015-07-13',14,1580),('2015-07-13',8,2177),('2015-07-13',15,3859),('2015-07-13',29,5459),('2015-07-13',33,3085),('2015-07-13',28,129),('2015-07-13',34,77),('2015-07-13',17,97),('2015-07-13',31,80),('2015-07-13',12,125),('2015-07-13',1,119),('2015-07-13',26,143),('2015-07-13',16,6654),('2015-07-13',13,4849),('2015-07-13',20,4257),('2015-07-13',22,5337),('2015-07-20',6,5869),('2015-07-20',32,4895),('2015-07-20',4,4848),('2015-07-20',18,3990),('2015-07-20',19,4299),('2015-07-20',7,9232),('2015-07-20',25,4146),('2015-07-20',9,7398),('2015-07-20',2,9293),('2015-07-20',3,10151),('2015-07-20',27,3755),('2015-07-20',10,2711),('2015-07-20',30,2467),('2015-07-20',11,3690),('2015-07-20',23,1793),('2015-07-20',14,1535),('2015-07-20',35,1791),('2015-07-20',8,2174),('2015-07-20',15,3882),('2015-07-20',29,5430),('2015-07-20',33,3133),('2015-07-20',28,131),('2015-07-20',34,75),('2015-07-20',17,98),('2015-07-20',36,145),('2015-07-20',31,80),('2015-07-20',12,125),('2015-07-20',1,117),('2015-07-20',26,141),('2015-07-20',16,6668),('2015-07-20',13,4857),('2015-07-20',20,4247),('2015-07-20',22,5366),('2015-07-27',6,5821),('2015-07-27',32,5051),('2015-07-27',4,4825),('2015-07-27',18,4273),('2015-07-27',19,4129),('2015-07-27',7,8933),('2015-07-27',25,4251),('2015-07-27',9,7306),('2015-07-27',2,9123),('2015-07-27',3,10288),('2015-07-27',27,3663),('2015-07-27',37,2868),('2015-07-27',10,2770),('2015-07-27',30,2493),('2015-07-27',11,3723),('2015-07-27',23,1788),('2015-07-27',14,1535),('2015-07-27',35,1766),('2015-07-27',8,2184),('2015-07-27',15,3991),('2015-07-27',29,5387),('2015-07-27',33,3155),('2015-07-27',28,128),('2015-07-27',34,76),('2015-07-27',17,97),('2015-07-27',36,145),('2015-07-27',31,82),('2015-07-27',12,125),('2015-07-27',1,119),('2015-07-27',26,142),('2015-07-27',16,6687),('2015-07-27',13,4736),('2015-07-27',20,4219),('2015-07-27',22,5364),('2015-08-03',6,5747),('2015-08-03',32,4995),('2015-08-03',4,4875),('2015-08-03',18,4239),('2015-08-03',19,4247),('2015-08-03',39,3854),('2015-08-03',7,9345),('2015-08-03',38,7066),('2015-08-03',25,4245),('2015-08-03',9,7225),('2015-08-03',2,9278),('2015-08-03',3,10300),('2015-08-03',27,3692),('2015-08-03',37,2966),('2015-08-03',10,2792),('2015-08-03',30,2494),('2015-08-03',11,3785),('2015-08-03',23,1802),('2015-08-03',14,1537),('2015-08-03',35,1829),('2015-08-03',8,2173),('2015-08-03',15,3909),('2015-08-03',29,5402),('2015-08-03',33,3113),('2015-08-03',28,130),('2015-08-03',34,74),('2015-08-03',17,96),('2015-08-03',36,147),('2015-08-03',31,80),('2015-08-03',12,125),('2015-08-03',1,119),('2015-08-03',26,142),('2015-08-03',16,6701),('2015-08-03',13,4775),('2015-08-03',20,4233),('2015-08-03',22,5367),('2015-08-10',6,5757),('2015-08-10',32,5001),('2015-08-10',4,4833),('2015-08-10',18,4258),('2015-08-10',19,4223),('2015-08-10',39,3974),('2015-08-10',7,9090),('2015-08-10',38,7089),('2015-08-10',25,4123),('2015-08-10',9,7389),('2015-08-10',2,9456),('2015-08-10',3,10063),('2015-08-10',27,3729),('2015-08-10',37,2904),('2015-08-10',10,2764),('2015-08-10',30,2454),('2015-08-10',11,3779),('2015-08-10',23,1795),('2015-08-10',14,1531),('2015-08-10',35,1759),('2015-08-10',8,2177),('2015-08-10',15,3932),('2015-08-10',29,5406),('2015-08-10',41,4672),('2015-08-10',33,3126),('2015-08-10',28,128),('2015-08-10',34,76),('2015-08-10',17,97),('2015-08-10',36,147),('2015-08-10',31,81),('2015-08-10',12,126),('2015-08-10',1,118),('2015-08-10',26,143),('2015-08-10',16,6706),('2015-08-10',13,4782),('2015-08-10',40,6289),('2015-08-10',20,4288),('2015-08-10',22,5374),('2015-08-17',6,5800),('2015-08-17',32,4910),('2015-08-17',4,4851),('2015-08-17',18,4270),('2015-08-17',19,4197),('2015-08-17',39,3920),('2015-08-17',7,9426),('2015-08-17',38,7233),('2015-08-17',25,4144),('2015-08-17',9,7308),('2015-08-17',2,9201),('2015-08-17',3,10280),('2015-08-17',27,3750),('2015-08-17',37,3018),('2015-08-17',10,2810),('2015-08-17',30,2553),('2015-08-17',11,3826),('2015-08-17',23,1803),('2015-08-17',14,1558),('2015-08-17',35,1751),('2015-08-17',8,2187),('2015-08-17',15,4003),('2015-08-17',29,5472),('2015-08-17',41,4600),('2015-08-17',33,3094),('2015-08-17',28,128),('2015-08-17',34,76),('2015-08-17',17,96),('2015-08-17',36,148),('2015-08-17',31,82),('2015-08-17',12,126),('2015-08-17',1,117),('2015-08-17',26,143),('2015-08-17',16,6741),('2015-08-17',13,4825),('2015-08-17',40,6168),('2015-08-17',20,4201),('2015-08-17',22,5409),('2015-08-24',6,5912),('2015-08-24',32,5078),('2015-08-24',4,4810),('2015-08-24',18,4213),('2015-08-24',19,4353),('2015-08-24',39,3976),('2015-08-24',7,9171),('2015-08-24',38,7298),('2015-08-24',25,4125),('2015-08-24',9,7528),('2015-08-24',2,9275),('2015-08-24',3,10089),('2015-08-24',27,3757),('2015-08-24',37,3057),('2015-08-24',10,2784),('2015-08-24',30,2497),('2015-08-24',11,3798),('2015-08-24',23,1763),('2015-08-24',14,1534),('2015-08-24',35,1788),('2015-08-24',8,2184),('2015-08-24',15,3898),('2015-08-24',29,5497),('2015-08-24',41,4646),('2015-08-24',33,3164),('2015-08-24',28,127),('2015-08-24',34,74),('2015-08-24',17,98),('2015-08-24',36,147),('2015-08-24',31,81),('2015-08-24',12,124),('2015-08-24',1,119),('2015-08-24',26,142),('2015-08-24',16,6729),('2015-08-24',13,4740),('2015-08-24',40,6216),('2015-08-24',20,4275),('2015-08-24',22,5429),('2015-08-31',6,5985),('2015-08-31',32,5111),('2015-08-31',4,4733),('2015-08-31',18,4200),('2015-08-31',19,4229),('2015-08-31',39,4044),('2015-08-31',7,9331),('2015-08-31',38,7081),('2015-08-31',25,4118),('2015-08-31',9,7171),('2015-08-31',2,9214),('2015-08-31',3,9989),('2015-08-31',27,3849),('2015-08-31',37,3025),('2015-08-31',10,2833),('2015-08-31',30,2512),('2015-08-31',11,3829),('2015-08-31',23,1774),('2015-08-31',14,1550),('2015-08-31',8,2173),('2015-08-31',15,3960),('2015-08-31',29,5418),('2015-08-31',41,4680),('2015-08-31',33,3193),('2015-08-31',28,125),('2015-08-31',34,75),('2015-08-31',17,96),('2015-08-31',36,147),('2015-08-31',31,80),('2015-08-31',12,126),('2015-08-31',1,117),('2015-08-31',26,144),('2015-08-31',16,6726),('2015-08-31',13,4866),('2015-08-31',40,6195),('2015-08-31',20,4257),('2015-08-31',22,5391),('2015-09-07',6,5826),('2015-09-07',32,5006),('2015-09-07',4,4832),('2015-09-07',18,4020),('2015-09-07',19,4255),('2015-09-07',39,4037),('2015-09-07',7,9105),('2015-09-07',38,7045),('2015-09-07',25,4197),('2015-09-07',9,7527),('2015-09-07',2,9519),('2015-09-07',3,10365),('2015-09-07',27,3923),('2015-09-07',37,3030),('2015-09-07',10,2849),('2015-09-07',30,2574),('2015-09-07',11,3886),('2015-09-07',23,1805),('2015-09-07',14,1567),('2015-09-07',8,2150),('2015-09-07',15,3947),('2015-09-07',29,5512),('2015-09-07',41,4587),('2015-09-07',33,3207),('2015-09-07',28,120),('2015-09-07',34,74),('2015-09-07',17,97),('2015-09-07',36,148),('2015-09-07',31,80),('2015-09-07',12,125),('2015-09-07',1,118),('2015-09-07',26,144),('2015-09-07',16,6688),('2015-09-07',13,4766),('2015-09-07',40,6191),('2015-09-07',20,4254),('2015-09-07',22,5396),('2015-09-14',6,6017),('2015-09-14',32,5115),('2015-09-14',4,4862),('2015-09-14',18,4078),('2015-09-14',19,4320),('2015-09-14',39,4090),('2015-09-14',7,9287),('2015-09-14',38,7263),('2015-09-14',25,4158),('2015-09-14',9,7224),('2015-09-14',2,9305),('2015-09-14',3,10210),('2015-09-14',27,3829),('2015-09-14',37,3106),('2015-09-14',10,2875),('2015-09-14',30,2692),('2015-09-14',11,3904),('2015-09-14',23,1783),('2015-09-14',14,1568),('2015-09-14',8,2200),('2015-09-14',15,3982),('2015-09-14',29,5463),('2015-09-14',41,4678),('2015-09-14',33,3212),('2015-09-14',28,119),('2015-09-14',34,75),('2015-09-14',17,94),('2015-09-14',36,147),('2015-09-14',31,80),('2015-09-14',12,126),('2015-09-14',1,120),('2015-09-14',26,143),('2015-09-14',16,6628),('2015-09-14',13,4821),('2015-09-14',40,6233),('2015-09-14',20,4210),('2015-09-14',22,5359),('2015-09-21',6,5948),('2015-09-21',32,5075),('2015-09-21',4,4918),('2015-09-21',18,4087),('2015-09-21',19,4242),('2015-09-21',39,4004),('2015-09-21',7,9218),('2015-09-21',38,7094),('2015-09-21',25,4104),('2015-09-21',9,7557),('2015-09-21',2,9469),('2015-09-21',3,10061),('2015-09-21',27,3867),('2015-09-21',37,3074),('2015-09-21',10,2927),('2015-09-21',30,2611),('2015-09-21',11,3935),('2015-09-21',23,1784),('2015-09-21',14,1572),('2015-09-21',8,2184),('2015-09-21',15,3898),('2015-09-21',29,5528),('2015-09-21',41,4642),('2015-09-21',33,3185),('2015-09-21',34,75),('2015-09-21',17,95),('2015-09-21',36,147),('2015-09-21',31,79),('2015-09-21',12,125),('2015-09-21',1,119),('2015-09-21',26,143),('2015-09-21',16,6639),('2015-09-21',13,4874),('2015-09-21',40,6323),('2015-09-21',20,4226),('2015-09-21',22,5434),('2015-09-28',6,6023),('2015-09-28',32,5015),('2015-09-28',4,4956),('2015-09-28',18,4203),('2015-09-28',19,4355),('2015-09-28',39,4133),('2015-09-28',7,9546),('2015-09-28',38,7400),('2015-09-28',25,4129),('2015-09-28',9,7225),('2015-09-28',2,9377),('2015-09-28',3,10394),('2015-09-28',27,3891),('2015-09-28',37,3170),('2015-09-28',10,2986),('2015-09-28',30,2646),('2015-09-28',11,4022),('2015-09-28',23,1783),('2015-09-28',14,1548),('2015-09-28',8,2205),('2015-09-28',15,4021),('2015-09-28',29,5526),('2015-09-28',41,4565),('2015-09-28',33,3230),('2015-09-28',34,74),('2015-09-28',17,96),('2015-09-28',36,147),('2015-09-28',31,79),('2015-09-28',12,126),('2015-09-28',1,118),('2015-09-28',26,144),('2015-09-28',16,6635),('2015-09-28',13,4752),('2015-09-28',40,6314),('2015-09-28',20,4224),('2015-09-28',22,5424),('2015-10-05',6,6056),('2015-10-05',32,5067),('2015-10-05',4,4781),('2015-10-05',18,4075),('2015-10-05',19,4445),('2015-10-05',39,3988),('2015-10-05',7,9240),('2015-10-05',38,7180),('2015-10-05',25,4120),('2015-10-05',9,7273),('2015-10-05',2,9298),('2015-10-05',3,10178),('2015-10-05',27,3970),('2015-10-05',37,3213),('2015-10-05',10,3009),('2015-10-05',30,2698),('2015-10-05',11,4020),('2015-10-05',23,1823),('2015-10-05',14,1538),('2015-10-05',8,2205),('2015-10-05',15,4006),('2015-10-05',29,5543),('2015-10-05',41,4546),('2015-10-05',33,3213),('2015-10-05',34,74),('2015-10-05',17,94),('2015-10-05',36,148),('2015-10-05',31,79),('2015-10-05',12,126),('2015-10-05',1,119),('2015-10-05',26,145),('2015-10-05',16,6662),('2015-10-05',13,4845),('2015-10-05',40,6262),('2015-10-05',20,4212),('2015-10-05',22,5436),('2015-10-12',6,6066),('2015-10-12',32,5118),('2015-10-12',4,4879),('2015-10-12',18,4191),('2015-10-12',19,4389),('2015-10-12',39,4177),('2015-10-12',7,9189),('2015-10-12',38,7354),('2015-10-12',25,4255),('2015-10-12',9,7555),('2015-10-12',2,9565),('2015-10-12',3,10631),('2015-10-12',27,3957),('2015-10-12',37,3215),('2015-10-12',10,3020),('2015-10-12',30,2718),('2015-10-12',11,4085),('2015-10-12',23,1792),('2015-10-12',14,1563),('2015-10-12',8,2207),('2015-10-12',15,4005),('2015-10-12',29,5437),('2015-10-12',41,4686),('2015-10-12',33,3212),('2015-10-12',34,73),('2015-10-12',17,95),('2015-10-12',36,148),('2015-10-12',31,80),('2015-10-12',12,125),('2015-10-12',1,117),('2015-10-12',26,143),('2015-10-12',16,6680),('2015-10-12',13,4882),('2015-10-12',40,6339),('2015-10-12',20,4175),('2015-10-12',22,5393),('2015-10-19',6,5953),('2015-10-19',32,5083),('2015-10-19',4,4868),('2015-10-19',18,4257),('2015-10-19',19,4451),('2015-10-19',39,4133),('2015-10-19',7,9274),('2015-10-19',38,7271),('2015-10-19',25,4195),('2015-10-19',9,7468),('2015-10-19',2,9588),('2015-10-19',3,10279),('2015-10-19',27,3981),('2015-10-19',37,3219),('2015-10-19',10,3040),('2015-10-19',30,2712),('2015-10-19',11,4075),('2015-10-19',23,1815),('2015-10-19',14,1584),('2015-10-19',8,2171),('2015-10-19',15,3958),('2015-10-19',29,5517),('2015-10-19',41,4586),('2015-10-19',33,3224),('2015-10-19',34,74),('2015-10-19',17,96),('2015-10-19',36,149),('2015-10-19',31,78),('2015-10-19',12,125),('2015-10-19',1,119),('2015-10-19',26,144),('2015-10-19',16,6758),('2015-10-19',13,4875),('2015-10-19',40,6181),('2015-10-19',20,4181),('2015-10-19',22,5379),('2015-10-26',6,5990),('2015-10-26',32,5171),('2015-10-26',4,4845),('2015-10-26',18,4197),('2015-10-26',19,4329),('2015-10-26',39,4169),('2015-10-26',7,9508),('2015-10-26',38,7494),('2015-10-26',25,4172),('2015-10-26',9,7469),('2015-10-26',2,9575),('2015-10-26',3,10473),('2015-10-26',27,4100),('2015-10-26',37,3297),('2015-10-26',10,3023),('2015-10-26',30,2709),('2015-10-26',11,4071),('2015-10-26',23,1787),('2015-10-26',14,1575),('2015-10-26',8,2210),('2015-10-26',15,3973),('2015-10-26',29,5481),('2015-10-26',41,4770),('2015-10-26',33,3259),('2015-10-26',34,74),('2015-10-26',17,95),('2015-10-26',36,148),('2015-10-26',31,80),('2015-10-26',12,126),('2015-10-26',1,119),('2015-10-26',26,145),('2015-10-26',16,6768),('2015-10-26',13,4869),('2015-10-26',40,6316),('2015-10-26',20,4252),('2015-10-26',22,5396),('2015-11-02',6,6150),('2015-11-02',32,5079),('2015-11-02',4,4981),('2015-11-02',18,4191),('2015-11-02',19,4449),('2015-11-02',39,4254),('2015-11-02',7,9739),('2015-11-02',38,7524),('2015-11-02',25,4142),('2015-11-02',9,7686),('2015-11-02',2,9759),('2015-11-02',3,10494),('2015-11-02',27,4102),('2015-11-02',37,3294),('2015-11-02',10,3069),('2015-11-02',30,2731),('2015-11-02',11,4161),('2015-11-02',23,1813),('2015-11-02',14,1558),('2015-11-02',8,2226),('2015-11-02',15,4013),('2015-11-02',29,5481),('2015-11-02',41,4707),('2015-11-02',33,3211),('2015-11-02',34,74),('2015-11-02',17,96),('2015-11-02',36,149),('2015-11-02',31,80),('2015-11-02',12,126),('2015-11-02',1,117),('2015-11-02',26,145),('2015-11-02',16,6706),('2015-11-02',13,4875),('2015-11-02',40,6139),('2015-11-02',20,4244),('2015-11-02',22,5401),('2015-11-09',6,6136),('2015-11-09',32,5140),('2015-11-09',4,4866),('2015-11-09',18,4222),('2015-11-09',19,4403),('2015-11-09',39,4245),('2015-11-09',7,9424),('2015-11-09',38,7582),('2015-11-09',25,4180),('2015-11-09',9,7475),('2015-11-09',2,9523),('2015-11-09',3,10468),('2015-11-09',27,4063),('2015-11-09',37,3346),('2015-11-09',10,3041),('2015-11-09',30,2830),('2015-11-09',11,4115),('2015-11-09',23,1799),('2015-11-09',14,1568),('2015-11-09',8,2194),('2015-11-09',15,4127),('2015-11-09',29,5624),('2015-11-09',41,4774),('2015-11-09',33,3292),('2015-11-09',34,72),('2015-11-09',17,94),('2015-11-09',36,150),('2015-11-09',31,78),('2015-11-09',12,125),('2015-11-09',1,118),('2015-11-09',26,144),('2015-11-09',16,6649),('2015-11-09',13,4766),('2015-11-09',40,6218),('2015-11-09',20,4187),('2015-11-09',22,5402),('2015-11-16',6,5982),('2015-11-16',32,5173),('2015-11-16',4,4839),('2015-11-16',18,4154),('2015-11-16',19,4393),('2015-11-16',39,4255),('2015-11-16',7,9794),('2015-11-16',38,7335),('2015-11-16',25,4235),('2015-11-16',9,7450),('2015-11-16',2,9452),('2015-11-16',3,10445),('2015-11-16',27,4135),('2015-11-16',37,3315),('2015-11-16',10,3084),('2015-11-16',30,2785),('2015-11-16',11,4125),('2015-11-16',23,1806),('2015-11-16',14,1615),('2015-11-16',8,2196),('2015-11-16',15,4139),('2015-11-16',29,5504),('2015-11-16',41,4763),('2015-11-16',33,3294),('2015-11-16',34,72),('2015-11-16',17,95),('2015-11-16',36,149),('2015-11-16',31,79),('2015-11-16',12,126),('2015-11-16',1,118),('2015-11-16',26,145),('2015-11-16',16,6768),('2015-11-16',13,4833),('2015-11-16',40,6293),('2015-11-16',20,4217),('2015-11-16',22,5386),('2015-11-23',6,6068),('2015-11-23',32,5197),('2015-11-23',4,5003),('2015-11-23',18,4353),('2015-11-23',19,4396),('2015-11-23',39,4291),('2015-11-23',7,9577),('2015-11-23',38,7599),('2015-11-23',25,4133),('2015-11-23',9,7653),('2015-11-23',2,9371),('2015-11-23',3,10440),('2015-11-23',27,4188),('2015-11-23',37,3349),('2015-11-23',10,3078),('2015-11-23',30,2777),('2015-11-23',11,4158),('2015-11-23',23,1854),('2015-11-23',14,1624),('2015-11-23',8,2221),('2015-11-23',15,4077),('2015-11-23',29,5543),('2015-11-23',41,4760),('2015-11-23',33,3243),('2015-11-23',34,73),('2015-11-23',17,93),('2015-11-23',36,148),('2015-11-23',31,78),('2015-11-23',12,125),('2015-11-23',1,119),('2015-11-23',26,144),('2015-11-23',16,6671),('2015-11-23',13,4830),('2015-11-23',40,6282),('2015-11-23',20,4225),('2015-11-23',22,5487);
/*!40000 ALTER TABLE `animal_stats` ENABLE KEYS */;
UNLOCK TABLES;

--
-- Table structure for table `animals`
--

DROP TABLE IF EXISTS `animals`;
/*!40101 SET @saved_cs_client     = @@character_set_client */;
/*!40101 SET character_set_client = utf8 */;
CREATE TABLE `animals` (
    `id` INT(11) NOT NULL,
    `species_id` INT(11) NOT NULL,
    `individual_name` VARCHAR(100) DEFAULT NULL,
    `start_date` DATE DEFAULT NULL,
    `end_date` DATE DEFAULT NULL
)  ENGINE=INNODB DEFAULT CHARSET=UTF8;
/*!40101 SET character_set_client = @saved_cs_client */;

--
-- Dumping data for table `animals`
--

LOCK TABLES `animals` WRITE;
/*!40000 ALTER TABLE `animals` DISABLE KEYS */;
INSERT INTO `animals` VALUES (1,6,'','2013-04-08',NULL),(2,2,'Fubu','2013-07-11',NULL),(3,2,'Brodie','2013-09-03',NULL),(4,1,'Tufty','2013-10-01',NULL),(5,6,'','2013-11-15','2013-12-15'),(6,1,'Fluffy','2013-12-05',NULL),(7,2,'Spot','2013-12-12',NULL),(8,4,'Chuck','2013-12-29',NULL),(9,2,'Barky','2014-01-01',NULL),(10,3,'Cadbury','2014-01-06',NULL),(11,3,'Lazer','2014-03-10',NULL),(12,6,'','2014-03-17',NULL),(13,7,'Huey','2014-03-20',NULL),(14,4,'Gary','2014-03-24',NULL),(15,5,'Liz','2014-03-24',NULL),(16,7,'Louie','2014-03-26',NULL),(17,6,'','2014-03-26',NULL),(18,1,'Mew Mew','2014-03-30',NULL),(19,1,'Bunny','2014-04-20',NULL),(20,7,'Sasper','2014-05-15',NULL),(21,5,'Eliza','2014-06-23','2014-09-21'),(22,7,'Beezelbub','2014-09-27',NULL),(23,4,'Ralph','2014-11-01',NULL),(24,3,'Dotty','2014-11-04','2015-05-23'),(25,2,'Dot','2014-11-23',NULL),(26,6,'','2014-11-26',NULL),(27,3,'Bugs','2015-02-04',NULL),(28,6,'','2015-03-25','2015-09-20'),(29,5,'Beth','2015-04-07',NULL),(30,3,'Bunnicula','2015-05-29',NULL),(31,6,'','2015-05-29',NULL),(32,1,'Muffy','2015-06-02',NULL),(33,5,'Betsy','2015-06-30',NULL),(34,6,'','2015-07-11',NULL),(35,4,'Wayne','2015-07-14',NULL),(36,6,'','2015-07-18',NULL),(37,3,'Cheeky','2015-07-22',NULL),(38,2,'Fido','2015-07-29',NULL),(39,1,'Ms. Smallglesworth','2015-07-31',NULL),(40,7,'Dewey','2015-08-08',NULL),(41,5,'Betty','2015-08-08',NULL);
/*!40000 ALTER TABLE `animals` ENABLE KEYS */;
UNLOCK TABLES;


-- Table structure for table `species`
--

DROP TABLE IF EXISTS `species`;
/*!40101 SET @saved_cs_client     = @@character_set_client */;
/*!40101 SET character_set_client = utf8 */;
CREATE TABLE `species` (
    `id` INT(11) NOT NULL,
    `common_name` VARCHAR(100) NOT NULL,
    `scientific_name` VARCHAR(100) NOT NULL
)  ENGINE=INNODB DEFAULT CHARSET=UTF8;
/*!40101 SET character_set_client = @saved_cs_client */;

--
-- Dumping data for table `species`

LOCK TABLES `species` WRITE;
/*!40000 ALTER TABLE `species` DISABLE KEYS */;
INSERT INTO `species` VALUES (1,'cat','Felis catus'),(2,'dog','Canis familiaris'),(3,'rabbit','Oryctolagus cuniculus'),(4,'ferret','Mustela putorius furo'),(5,'hamster','Mesocricetus auratus'),(6,'goldfish','Carassius auratus'),(7,'iguana','Iguana iguana'),(8,'llama','Lama glama');
/*!40000 ALTER TABLE `species` ENABLE KEYS */;
UNLOCK TABLES;
/*!40103 SET TIME_ZONE=@OLD_TIME_ZONE */;

/*!40101 SET SQL_MODE=DEFAULT */;
/*!40014 SET FOREIGN_KEY_CHECKS=@OLD_FOREIGN_KEY_CHECKS */;
/*!40014 SET UNIQUE_CHECKS=@OLD_UNIQUE_CHECKS */;
/*!40101 SET CHARACTER_SET_CLIENT=@OLD_CHARACTER_SET_CLIENT */;
/*!40101 SET CHARACTER_SET_RESULTS=@OLD_CHARACTER_SET_RESULTS */;
/*!40101 SET COLLATION_CONNECTION=@OLD_COLLATION_CONNECTION */;
/*!40111 SET SQL_NOTES=@OLD_SQL_NOTES */;

-- Dump completed on 2015-11-16  3:21:47

select distinct id from species order by id desc;
select count(*) from species;
select distinct id from animals order by id desc;
select count(*) from animals;

select distinct species_id from animals order by species_id desc;
select distinct animal_id from animal_stats order by animal_id desc;
select count(*) from animal_stats;
select * from animal_stats limit 1;


## SELECTING A ROW FROM SPECIES 
SELECT *
FROM 
	lerbay_zoo_lab.species
LIMIT 1;

## SELECTING A ROW FROM ANIMALS 
SELECT *
FROM 
	lerbay_zoo_lab.animals
LIMIT 1;

## SELECTING A ROW FROM ANIMALS STATS 
SELECT *
FROM 
	lerbay_zoo_lab.animal_stats
LIMIT 1;

## SPECIES WITH LONGEST NAME
SELECT
	scientific_name, LENGTH(scientific_name) as len
FROM
	lerbay_zoo_lab.species
ORDER BY len DESC;

##ANIMAL WITH LONGEST NAME
SELECT
	id, individual_name, LENGTH(individual_name) as len
FROM
	lerbay_zoo_lab.animals
ORDER BY len DESC;

##MOST RECENT ADDITION TO ZOO
SELECT 
	individual_name, MAX(start_date) as d
FROM
	lerbay_zoo_lab.animals
GROUP BY
	individual_name
ORDER by d DESC;

##MOST RECENT SPEICIES TO ZOO
SELECT 
	individual_name, species_id, MAX(start_date) as d
FROM
	lerbay_zoo_lab.animals
GROUP BY
	individual_name
ORDER by 
	d DESC;
    
#NUMBER OF EACH SPECIES
SELECT 
	species_id, COUNT(species_id)
FROM
	lerbay_zoo_lab.animals
GROUP BY
	species_id;
    
 ##AVG DATE DIFFERENCE   
SELECT
	AVG (DATEDIFF(IF (end_date IS NULL, CURDATE(), end_date),start_date)) 
FROM
		lerbay_zoo_lab.animals;


##AVERAGE WEIGHT in POUNDS
SELECT
	lerbay_zoo_lab.animals.id,lerbay_zoo_lab.animals.individual_name, 	
	ROUND(AVG(lerbay_zoo_lab.animal_stats.weight)/453.592,3)  as avg_pounds
FROM
	lerbay_zoo_lab.animals
INNER JOIN
	lerbay_zoo_lab.animal_stats
ON 
	lerbay_zoo_lab.animals.id = lerbay_zoo_lab.animal_stats.animal_id
GROUP BY
	lerbay_zoo_lab.animal_stats.animal_id
ORDER BY 
	avg_pounds DESC;
    

### AVG WEIGHT IN POUNDS WITH REMANDER AS OUNCES
SELECT
	lerbay_zoo_lab.animals.id,lerbay_zoo_lab.animals.individual_name, 	
	ROUND(AVG(lerbay_zoo_lab.animal_stats.weight)/453.592,0)  as avg_pounds, 
    ROUND(AVG(lerbay_zoo_lab.animal_stats.weight)/453.592,3)% FLOOR(AVG(lerbay_zoo_lab.animal_stats.weight)/453.592)*16 as and_ounces
FROM
	lerbay_zoo_lab.animals
INNER JOIN
	lerbay_zoo_lab.animal_stats
ON 
	lerbay_zoo_lab.animals.id = lerbay_zoo_lab.animal_stats.animal_id
GROUP BY
	lerbay_zoo_lab.animal_stats.animal_id
ORDER BY 
	avg_pounds DESC;

	
### AVG WEIGHT PER SPECIES
SELECT
	lerbay_zoo_lab.animals.species_id, AVG(lerbay_zoo_lab.animal_stats.weight) as avg_gm_per_species
FROM
	lerbay_zoo_lab.animals
LEFT JOIN
	lerbay_zoo_lab.animal_stats
ON
	lerbay_zoo_lab.animal_stats.animal_id=lerbay_zoo_lab.animals.id
GROUP BY
		lerbay_zoo_lab.animals.species_id;
        
        
### 
SELECT
	id, individual_name, start_date, end_date
FROM 
	lerbay_zoo_lab.animals
WHERE
	end_date IS NULL AND 
	start_date <= DATE('2014-12-01');
    
DROP VIEW spec_weight;

CREATE  VIEW spec_weight AS
SELECT
	id, individual_name, cal_date, weight
FROM 
    lerbay_zoo_lab.animals
INNER JOIN
	lerbay_zoo_lab.animal_stats
ON 
	lerbay_zoo_lab.animals.id = lerbay_zoo_lab.animal_stats.animal_id
WHERE
	(start_date <= DATE('2014-12-01')  AND
    cal_date >= DATE('2014-12-01')) AND
    cal_date <= DATE('2015-11-23') AND
    end_date IS NULL
ORDER BY 
	id ASC, cal_date ASC; 
    

SELECT *
FROM 
	spec_weight;
    
CREATE TEMPORARY TABLE min_date_weight AS
SELECT
	sp1.id, sp2.start_date as start_date, sp1.weight as start_weight
FROM
	spec_weight as sp1
INNER JOIN 
(
	SELECT 
		id, min(cal_date) as start_date
    FROM
		spec_weight 
	GROUP BY
		id
) as sp2
ON
	sp1.id = sp2.id AND
    sp1.cal_date = sp2.start_date
GROUP BY
id;
    


CREATE TEMPORARY TABLE max_date_weight AS
SELECT
	sp1.id, sp2.end_date, sp1.weight as end_weight
FROM
	spec_weight as sp1
INNER JOIN 
(
	SELECT 
		id, max(cal_date) as end_date
    FROM
		spec_weight 
	GROUP BY
		id
) as sp2
ON
	sp1.id = sp2.id AND
    sp1.cal_date = sp2.end_date
GROUP BY
id;

    
DROP TABLE max_date_weight;  
DROP TABLE min_date_weight;      

SELECT *
FROM 
	min_date_weight;
    

SELECT
	min_date_weight.id, start_date, start_weight, end_date, end_weight, (end_weight -start_weight)/start_weight as perc
FROM
	min_date_weight
JOIN
	max_date_weight
ON
	min_date_weight.id = max_date_weight.id
GROUP BY
	id
ORDER BY
	perc DESC;
    
##CHEEKY -- id 37

### PART 5 : BARKY vs DOT
  
DROP TABLE Barky_weights;
DROP VIEW Barky_weights;
 
 
 
 
 ###VIEW OF BARKY
CREATE VIEW Barky_weights AS
SELECT
	anm.id, start_date, cal_date, weight
FROM
	lerbay_zoo_lab.animals as anm
INNER JOIN
	lerbay_zoo_lab.animal_stats
ON 
	anm.id = lerbay_zoo_lab.animal_stats.animal_id
WHERE
	anm.individual_name = 'BARKY' 
ORDER BY
	cal_date ASC;
    
CREATE TEMPORARY TABLE Barky_Cal_w AS
SELECT
	bw1.id, bw1.cal_date, bw1.weight, datediff( bw1.cal_date, min_date) as nDays
FROM 
	Barky_weights as bw1
INNER JOIN (
	SELECT 
		id,  min(cal_date) as min_date
	FROM
		Barky_weights
	) AS bw2
ON
	bw1.id = bw2.id 
HAVING
	nDays <=365
ORDER BY
	cal_date ASC;

SELECT * FROM Barky_Cal_w;

### VIEW OF DOT
CREATE VIEW Dot_weights AS
SELECT
	anm.id, start_date, cal_date, weight
FROM
	lerbay_zoo_lab.animals as anm
INNER JOIN
	lerbay_zoo_lab.animal_stats
ON 
	anm.id = lerbay_zoo_lab.animal_stats.animal_id
WHERE
	anm.individual_name = 'Dot' 
ORDER BY
	cal_date ASC;

CREATE TEMPORARY TABLE  Dot_Cal_w AS
SELECT
	dw1.id, dw1.cal_date, dw1.weight, datediff( dw1.cal_date, min_date) /7 as nDays
FROM 
	Dot_weights as dw1
INNER JOIN (
	SELECT 
		id,  min(cal_date) as min_date
	FROM
		Dot_weights
	) AS dw2
ON
	dw1.id = dw2.id 
HAVING
	nDays <=365
ORDER BY
	cal_date ASC;
    
SELECT *
FROM
	Dot_Cal_w;
    
CREATE TEMPORARY TABLE barky_vs_dot AS
SELECT
    b.id as b_id, b.cal_date as b_cal_date , b.weight as b_weight,
    d.id as d_id, d.cal_date as d_cal_date, d.weight as d_weight, d.nDays as nDays
FROM
	Barky_Cal_w as b
INNER JOIN
	Dot_Cal_w as d
ON
	b.nDays = d.nDays
ORDER BY
	nDays ASC;

DROP TABLE barky_vs_dot;

SELECT * 
FROM barky_vs_dot;


#COMPARISON
CREATE TEMPORARY TABLE comp as
SELECT *, 
   CASE 
      WHEN b_weight > d_weight THEN '1'
      WHEN b_weight < d_weight THEN '2'
      WHEN b_weight = d_weight THEN '0'
   END AS comparison
FROM
	barky_vs_dot;

SELECT * FROM comp;

###ANOTHER TABLE b_vs_d
CREATE TEMPORARY TABLE b_vs_d AS
SELECT
   *
FROM
	Barky_Cal_w as b
UNION ALL
SELECT 
	*
FROM
	Dot_Cal_w as d
ORDER BY
	nDays ASC;

SELECT * FROM b_vs_d;



### RANKING
Select *, @rownum := @rownum+1 AS Rank
FROM
	b_vs_d,
	(
	SELECT
		@rownum := 0) as r
ORDER BY
	weight DESC;


############################## RANKING PART 2 ############################## 
CREATE TEMPORARY TABLE Barky_Cal AS
SELECT
	bw1.id, bw1.cal_date, bw1.weight, datediff( bw1.cal_date, min_date) / 7 as week
FROM 
	Barky_weights as bw1
INNER JOIN (
	SELECT 
		id,  min(cal_date) as min_date
	FROM
		Barky_weights
	) AS bw2
ON
	bw1.id = bw2.id 
HAVING
	week <= 52
ORDER BY
	cal_date ASC;

SELECT * FROM Barky_Cal_w;

CREATE TEMPORARY TABLE  Dot_Cal AS
SELECT
	dw1.id, dw1.cal_date, dw1.weight, datediff( dw1.cal_date, min_date) /7 as week
FROM 
	Dot_weights as dw1
INNER JOIN (
	SELECT 
		id,  min(cal_date) as min_date
	FROM
		Dot_weights
	) AS dw2
ON
	dw1.id = dw2.id 
HAVING
	week <= 52
ORDER BY
	cal_date ASC;

CREATE TEMPORARY TABLE bky_v_dt AS
SELECT
    b.id as b_id, b.weight as b_weight, ' ' as space, 
    d.id as d_id, d.weight as d_weight, d.week as week
FROM
	Barky_Cal as b
INNER JOIN
	Dot_Cal as d
ON
	b.week = d.week
ORDER BY
	week ASC;
    
    
#COMPARISON
CREATE TEMPORARY TABLE comp2 as
SELECT *, 
   CASE 
      WHEN b_weight > d_weight THEN '1'
      WHEN b_weight < d_weight THEN '2'
      WHEN b_weight = d_weight THEN '0'
   END AS comparison
FROM
	bky_v_dt;

SELECT * FROM comp2;
    
    
    
SELECT * FROM bky_v_dt;
DROP TABLE bky_v_dt;
DROP TABLE comp2;

DROP TABLE barky_vs_dot;

SELECT * 
FROM barky_vs_dot;



### PART 6
CREATE VIEW animal_weights AS
SELECT 
	anm.id,  individual_name, start_date, cal_date, weight
FROM
	lerbay_zoo_lab.animals as anm
INNER JOIN
	lerbay_zoo_lab.animal_stats as stats
ON
	anm.id = stats.animal_id
ORDER BY
	anm.id;
    
SELECT * FROM animal_weights;



###FINDING THE ANIMAL WHO DIDN"T GET WEIGHED the first monday
SELECT
	aw1.id, aw1.individual_name, aw1.start_date, datediff( min_date, aw1.start_date)as nDays
FROM 
	animal_weights as aw1
INNER JOIN (
	SELECT 
		id,  min(cal_date) as min_date
	FROM
		animal_weights 
	GROUP BY
		id
	) AS aw2
ON
	aw1.id = aw2.id 
GROUP BY
	aw1.id
HAVING 
	nDAYS > 7;


##ADDING DATA 
INSERT INTO
	lerbay_zoo_lab.animal_stats (cal_date, animal_id, weight)
VALUES
	( DATE_FORMAT(str_to_date('6/1/15', '%m/%d/%y'), '%Y-%m-%d'), '30', 2.4 *1000),
    ( DATE_FORMAT(str_to_date(('6/8/15'), '%m/%d/%y'), '%Y-%m-%d'), '30', 2.38 *1000),
    ( DATE_FORMAT(str_to_date(('6/15/15'), '%m/%d/%y'), '%Y-%m-%d'), '30', 2390),
	( DATE_FORMAT(str_to_date(('6/22/15'), '%m/%d/%y'), '%Y-%m-%d'), '30', 2401);
    
    
    
SELECT * FROM lerbay_zoo_lab.animal_stats
WHERE animal_id = '30';



CREATE VIEW animal_w AS
SELECT 
	anm.id,  individual_name, start_date, end_date, cal_date, weight
FROM
	lerbay_zoo_lab.animals as anm
INNER JOIN
	lerbay_zoo_lab.animal_stats as stats
ON
	anm.id = stats.animal_id
ORDER BY
	anm.id;


#### CHALLENGE 1
CREATE TABLE weeks_per_anm AS
SELECT
	aw1.id, aw1.individual_name,  aw1.cal_date, aw1.weight, datediff( max_date, aw1.cal_date) / 7 as Weeks_until_end
FROM 
	animal_w as aw1
INNER JOIN (
	SELECT 
		id,  max(cal_date) as max_date
	FROM
		animal_w 
	GROUP BY
		id
	) AS aw2
ON
	aw1.id = aw2.id 
WHERE
	aw1.end_date IS NOT NULL
HAVING
	Weeks_until_end <= 8
order by
	id ASC, cal_date ASC, Weeks_until_end ASC;

DROP TABLE weeks_per_anm;
SELECT * FROM weeks_per_anm;
DROP VIEW animal_w;

